Copyright 1986-2018 Xilinx, Inc. All Rights Reserved.
--------------------------------------------------------------------------------------------------------------------------------------------------------------------------------------------------
| Tool Version : Vivado v.2018.2 (win64) Build 2258646 Thu Jun 14 20:03:12 MDT 2018
| Date         : Tue May  7 14:30:45 2024
| Host         : DESKTOP-BNTLCTA running 64-bit major release  (build 9200)
| Command      : report_timing_summary -max_paths 10 -file Processor_timing_summary_routed.rpt -pb Processor_timing_summary_routed.pb -rpx Processor_timing_summary_routed.rpx -warn_on_violation
| Design       : Processor
| Device       : 7a35t-cpg236
| Speed File   : -1  PRODUCTION 1.22 2018-03-21
--------------------------------------------------------------------------------------------------------------------------------------------------------------------------------------------------

Timing Summary Report

------------------------------------------------------------------------------------------------
| Timer Settings
| --------------
------------------------------------------------------------------------------------------------

  Enable Multi Corner Analysis               :  Yes
  Enable Pessimism Removal                   :  Yes
  Pessimism Removal Resolution               :  Nearest Common Node
  Enable Input Delay Default Clock           :  No
  Enable Preset / Clear Arcs                 :  No
  Disable Flight Delays                      :  No
  Ignore I/O Paths                           :  No
  Timing Early Launch at Borrowing Latches   :  false

  Corner  Analyze    Analyze    
  Name    Max Paths  Min Paths  
  ------  ---------  ---------  
  Slow    Yes        Yes        
  Fast    Yes        Yes        



check_timing report

Table of Contents
-----------------
1. checking no_clock
2. checking constant_clock
3. checking pulse_width_clock
4. checking unconstrained_internal_endpoints
5. checking no_input_delay
6. checking no_output_delay
7. checking multiple_clock
8. checking generated_clocks
9. checking loops
10. checking partial_input_delay
11. checking partial_output_delay
12. checking latch_loops

1. checking no_clock
--------------------
 There are 32 register/latch pins with no clock driven by root clock pin: SlowClock/Clk_out_reg/Q (HIGH)


2. checking constant_clock
--------------------------
 There are 0 register/latch pins with constant_clock.


3. checking pulse_width_clock
-----------------------------
 There are 0 register/latch pins which need pulse_width check


4. checking unconstrained_internal_endpoints
--------------------------------------------
 There are 92 pins that are not constrained for maximum delay. (HIGH)

 There are 0 pins that are not constrained for maximum delay due to constant clock.


5. checking no_input_delay
--------------------------
 There are 4 input ports with no input delay specified. (HIGH)

 There are 0 input ports with no input delay but user has a false path constraint.


6. checking no_output_delay
---------------------------
 There are 18 ports with no output delay specified. (HIGH)

 There are 0 ports with no output delay but user has a false path constraint

 There are 0 ports with no output delay but with a timing clock defined on it or propagating through it


7. checking multiple_clock
--------------------------
 There are 0 register/latch pins with multiple clocks.


8. checking generated_clocks
----------------------------
 There are 0 generated clocks that are not connected to a clock source.


9. checking loops
-----------------
 There are 0 combinational loops in the design.


10. checking partial_input_delay
--------------------------------
 There are 0 input ports with partial input delay specified.


11. checking partial_output_delay
---------------------------------
 There are 0 ports with partial output delay specified.


12. checking latch_loops
------------------------
 There are 0 combinational latch loops in the design through latch input



------------------------------------------------------------------------------------------------
| Design Timing Summary
| ---------------------
------------------------------------------------------------------------------------------------

    WNS(ns)      TNS(ns)  TNS Failing Endpoints  TNS Total Endpoints      WHS(ns)      THS(ns)  THS Failing Endpoints  THS Total Endpoints     WPWS(ns)     TPWS(ns)  TPWS Failing Endpoints  TPWS Total Endpoints  
    -------      -------  ---------------------  -------------------      -------      -------  ---------------------  -------------------     --------     --------  ----------------------  --------------------  
      4.914        0.000                      0                  130        0.215        0.000                      0                  130        4.500        0.000                       0                    69  


All user specified timing constraints are met.


------------------------------------------------------------------------------------------------
| Clock Summary
| -------------
------------------------------------------------------------------------------------------------

Clock        Waveform(ns)       Period(ns)      Frequency(MHz)
-----        ------------       ----------      --------------
sys_clk_pin  {0.000 5.000}      10.000          100.000         


------------------------------------------------------------------------------------------------
| Intra Clock Table
| -----------------
------------------------------------------------------------------------------------------------

Clock             WNS(ns)      TNS(ns)  TNS Failing Endpoints  TNS Total Endpoints      WHS(ns)      THS(ns)  THS Failing Endpoints  THS Total Endpoints     WPWS(ns)     TPWS(ns)  TPWS Failing Endpoints  TPWS Total Endpoints  
-----             -------      -------  ---------------------  -------------------      -------      -------  ---------------------  -------------------     --------     --------  ----------------------  --------------------  
sys_clk_pin         4.914        0.000                      0                  130        0.215        0.000                      0                  130        4.500        0.000                       0                    69  


------------------------------------------------------------------------------------------------
| Inter Clock Table
| -----------------
------------------------------------------------------------------------------------------------

From Clock    To Clock          WNS(ns)      TNS(ns)  TNS Failing Endpoints  TNS Total Endpoints      WHS(ns)      THS(ns)  THS Failing Endpoints  THS Total Endpoints  
----------    --------          -------      -------  ---------------------  -------------------      -------      -------  ---------------------  -------------------  


------------------------------------------------------------------------------------------------
| Other Path Groups Table
| -----------------------
------------------------------------------------------------------------------------------------

Path Group    From Clock    To Clock          WNS(ns)      TNS(ns)  TNS Failing Endpoints  TNS Total Endpoints      WHS(ns)      THS(ns)  THS Failing Endpoints  THS Total Endpoints  
----------    ----------    --------          -------      -------  ---------------------  -------------------      -------      -------  ---------------------  -------------------  


------------------------------------------------------------------------------------------------
| Timing Details
| --------------
------------------------------------------------------------------------------------------------


---------------------------------------------------------------------------------------------------
From Clock:  sys_clk_pin
  To Clock:  sys_clk_pin

Setup :            0  Failing Endpoints,  Worst Slack        4.914ns,  Total Violation        0.000ns
Hold  :            0  Failing Endpoints,  Worst Slack        0.215ns,  Total Violation        0.000ns
PW    :            0  Failing Endpoints,  Worst Slack        4.500ns,  Total Violation        0.000ns
---------------------------------------------------------------------------------------------------


Max Delay Paths
--------------------------------------------------------------------------------------
Slack (MET) :             4.914ns  (required time - arrival time)
  Source:                 Display/temp_reg[16]/C
                            (rising edge-triggered cell FDRE clocked by sys_clk_pin  {rise@0.000ns fall@5.000ns period=10.000ns})
  Destination:            Display/temp_reg[29]/R
                            (rising edge-triggered cell FDRE clocked by sys_clk_pin  {rise@0.000ns fall@5.000ns period=10.000ns})
  Path Group:             sys_clk_pin
  Path Type:              Setup (Max at Slow Process Corner)
  Requirement:            10.000ns  (sys_clk_pin rise@10.000ns - sys_clk_pin rise@0.000ns)
  Data Path Delay:        4.584ns  (logic 1.076ns (23.471%)  route 3.508ns (76.529%))
  Logic Levels:           5  (LUT2=1 LUT4=1 LUT5=1 LUT6=2)
  Clock Path Skew:        -0.037ns (DCD - SCD + CPR)
    Destination Clock Delay (DCD):    4.845ns = ( 14.845 - 10.000 ) 
    Source Clock Delay      (SCD):    5.142ns
    Clock Pessimism Removal (CPR):    0.260ns
  Clock Uncertainty:      0.035ns  ((TSJ^2 + TIJ^2)^1/2 + DJ) / 2 + PE
    Total System Jitter     (TSJ):    0.071ns
    Total Input Jitter      (TIJ):    0.000ns
    Discrete Jitter          (DJ):    0.000ns
    Phase Error              (PE):    0.000ns

    Location             Delay type                Incr(ns)  Path(ns)    Netlist Resource(s)
  -------------------------------------------------------------------    -------------------
                         (clock sys_clk_pin rise edge)
                                                      0.000     0.000 r  
    W5                                                0.000     0.000 r  Clk (IN)
                         net (fo=0)                   0.000     0.000    Clk
    W5                   IBUF (Prop_ibuf_I_O)         1.458     1.458 r  Clk_IBUF_inst/O
                         net (fo=1, routed)           1.967     3.425    Clk_IBUF
    BUFGCTRL_X0Y0        BUFG (Prop_bufg_I_O)         0.096     3.521 r  Clk_IBUF_BUFG_inst/O
                         net (fo=68, routed)          1.621     5.142    Display/Clk_IBUF_BUFG
    SLICE_X62Y22         FDRE                                         r  Display/temp_reg[16]/C
  -------------------------------------------------------------------    -------------------
    SLICE_X62Y22         FDRE (Prop_fdre_C_Q)         0.456     5.598 f  Display/temp_reg[16]/Q
                         net (fo=2, routed)           0.680     6.278    Display/temp[16]
    SLICE_X63Y22         LUT4 (Prop_lut4_I3_O)        0.124     6.402 f  Display/temp[0]_i_9/O
                         net (fo=1, routed)           0.401     6.804    Display/temp[0]_i_9_n_0
    SLICE_X63Y21         LUT5 (Prop_lut5_I4_O)        0.124     6.928 f  Display/temp[0]_i_7/O
                         net (fo=1, routed)           0.401     7.329    Display/temp[0]_i_7_n_0
    SLICE_X63Y20         LUT6 (Prop_lut6_I5_O)        0.124     7.453 f  Display/temp[0]_i_3/O
                         net (fo=1, routed)           0.782     8.235    Display/temp[0]_i_3_n_0
    SLICE_X63Y24         LUT6 (Prop_lut6_I0_O)        0.124     8.359 f  Display/temp[0]_i_2/O
                         net (fo=4, routed)           0.321     8.680    Display/temp[0]_i_2_n_0
    SLICE_X63Y23         LUT2 (Prop_lut2_I0_O)        0.124     8.804 r  Display/temp[31]_i_1/O
                         net (fo=31, routed)          0.923     9.727    Display/temp[31]_i_1_n_0
    SLICE_X62Y26         FDRE                                         r  Display/temp_reg[29]/R
  -------------------------------------------------------------------    -------------------

                         (clock sys_clk_pin rise edge)
                                                     10.000    10.000 r  
    W5                                                0.000    10.000 r  Clk (IN)
                         net (fo=0)                   0.000    10.000    Clk
    W5                   IBUF (Prop_ibuf_I_O)         1.388    11.388 r  Clk_IBUF_inst/O
                         net (fo=1, routed)           1.862    13.250    Clk_IBUF
    BUFGCTRL_X0Y0        BUFG (Prop_bufg_I_O)         0.091    13.341 r  Clk_IBUF_BUFG_inst/O
                         net (fo=68, routed)          1.504    14.845    Display/Clk_IBUF_BUFG
    SLICE_X62Y26         FDRE                                         r  Display/temp_reg[29]/C
                         clock pessimism              0.260    15.105    
                         clock uncertainty           -0.035    15.070    
    SLICE_X62Y26         FDRE (Setup_fdre_C_R)       -0.429    14.641    Display/temp_reg[29]
  -------------------------------------------------------------------
                         required time                         14.641    
                         arrival time                          -9.727    
  -------------------------------------------------------------------
                         slack                                  4.914    

Slack (MET) :             4.914ns  (required time - arrival time)
  Source:                 Display/temp_reg[16]/C
                            (rising edge-triggered cell FDRE clocked by sys_clk_pin  {rise@0.000ns fall@5.000ns period=10.000ns})
  Destination:            Display/temp_reg[30]/R
                            (rising edge-triggered cell FDRE clocked by sys_clk_pin  {rise@0.000ns fall@5.000ns period=10.000ns})
  Path Group:             sys_clk_pin
  Path Type:              Setup (Max at Slow Process Corner)
  Requirement:            10.000ns  (sys_clk_pin rise@10.000ns - sys_clk_pin rise@0.000ns)
  Data Path Delay:        4.584ns  (logic 1.076ns (23.471%)  route 3.508ns (76.529%))
  Logic Levels:           5  (LUT2=1 LUT4=1 LUT5=1 LUT6=2)
  Clock Path Skew:        -0.037ns (DCD - SCD + CPR)
    Destination Clock Delay (DCD):    4.845ns = ( 14.845 - 10.000 ) 
    Source Clock Delay      (SCD):    5.142ns
    Clock Pessimism Removal (CPR):    0.260ns
  Clock Uncertainty:      0.035ns  ((TSJ^2 + TIJ^2)^1/2 + DJ) / 2 + PE
    Total System Jitter     (TSJ):    0.071ns
    Total Input Jitter      (TIJ):    0.000ns
    Discrete Jitter          (DJ):    0.000ns
    Phase Error              (PE):    0.000ns

    Location             Delay type                Incr(ns)  Path(ns)    Netlist Resource(s)
  -------------------------------------------------------------------    -------------------
                         (clock sys_clk_pin rise edge)
                                                      0.000     0.000 r  
    W5                                                0.000     0.000 r  Clk (IN)
                         net (fo=0)                   0.000     0.000    Clk
    W5                   IBUF (Prop_ibuf_I_O)         1.458     1.458 r  Clk_IBUF_inst/O
                         net (fo=1, routed)           1.967     3.425    Clk_IBUF
    BUFGCTRL_X0Y0        BUFG (Prop_bufg_I_O)         0.096     3.521 r  Clk_IBUF_BUFG_inst/O
                         net (fo=68, routed)          1.621     5.142    Display/Clk_IBUF_BUFG
    SLICE_X62Y22         FDRE                                         r  Display/temp_reg[16]/C
  -------------------------------------------------------------------    -------------------
    SLICE_X62Y22         FDRE (Prop_fdre_C_Q)         0.456     5.598 f  Display/temp_reg[16]/Q
                         net (fo=2, routed)           0.680     6.278    Display/temp[16]
    SLICE_X63Y22         LUT4 (Prop_lut4_I3_O)        0.124     6.402 f  Display/temp[0]_i_9/O
                         net (fo=1, routed)           0.401     6.804    Display/temp[0]_i_9_n_0
    SLICE_X63Y21         LUT5 (Prop_lut5_I4_O)        0.124     6.928 f  Display/temp[0]_i_7/O
                         net (fo=1, routed)           0.401     7.329    Display/temp[0]_i_7_n_0
    SLICE_X63Y20         LUT6 (Prop_lut6_I5_O)        0.124     7.453 f  Display/temp[0]_i_3/O
                         net (fo=1, routed)           0.782     8.235    Display/temp[0]_i_3_n_0
    SLICE_X63Y24         LUT6 (Prop_lut6_I0_O)        0.124     8.359 f  Display/temp[0]_i_2/O
                         net (fo=4, routed)           0.321     8.680    Display/temp[0]_i_2_n_0
    SLICE_X63Y23         LUT2 (Prop_lut2_I0_O)        0.124     8.804 r  Display/temp[31]_i_1/O
                         net (fo=31, routed)          0.923     9.727    Display/temp[31]_i_1_n_0
    SLICE_X62Y26         FDRE                                         r  Display/temp_reg[30]/R
  -------------------------------------------------------------------    -------------------

                         (clock sys_clk_pin rise edge)
                                                     10.000    10.000 r  
    W5                                                0.000    10.000 r  Clk (IN)
                         net (fo=0)                   0.000    10.000    Clk
    W5                   IBUF (Prop_ibuf_I_O)         1.388    11.388 r  Clk_IBUF_inst/O
                         net (fo=1, routed)           1.862    13.250    Clk_IBUF
    BUFGCTRL_X0Y0        BUFG (Prop_bufg_I_O)         0.091    13.341 r  Clk_IBUF_BUFG_inst/O
                         net (fo=68, routed)          1.504    14.845    Display/Clk_IBUF_BUFG
    SLICE_X62Y26         FDRE                                         r  Display/temp_reg[30]/C
                         clock pessimism              0.260    15.105    
                         clock uncertainty           -0.035    15.070    
    SLICE_X62Y26         FDRE (Setup_fdre_C_R)       -0.429    14.641    Display/temp_reg[30]
  -------------------------------------------------------------------
                         required time                         14.641    
                         arrival time                          -9.727    
  -------------------------------------------------------------------
                         slack                                  4.914    

Slack (MET) :             4.914ns  (required time - arrival time)
  Source:                 Display/temp_reg[16]/C
                            (rising edge-triggered cell FDRE clocked by sys_clk_pin  {rise@0.000ns fall@5.000ns period=10.000ns})
  Destination:            Display/temp_reg[31]/R
                            (rising edge-triggered cell FDRE clocked by sys_clk_pin  {rise@0.000ns fall@5.000ns period=10.000ns})
  Path Group:             sys_clk_pin
  Path Type:              Setup (Max at Slow Process Corner)
  Requirement:            10.000ns  (sys_clk_pin rise@10.000ns - sys_clk_pin rise@0.000ns)
  Data Path Delay:        4.584ns  (logic 1.076ns (23.471%)  route 3.508ns (76.529%))
  Logic Levels:           5  (LUT2=1 LUT4=1 LUT5=1 LUT6=2)
  Clock Path Skew:        -0.037ns (DCD - SCD + CPR)
    Destination Clock Delay (DCD):    4.845ns = ( 14.845 - 10.000 ) 
    Source Clock Delay      (SCD):    5.142ns
    Clock Pessimism Removal (CPR):    0.260ns
  Clock Uncertainty:      0.035ns  ((TSJ^2 + TIJ^2)^1/2 + DJ) / 2 + PE
    Total System Jitter     (TSJ):    0.071ns
    Total Input Jitter      (TIJ):    0.000ns
    Discrete Jitter          (DJ):    0.000ns
    Phase Error              (PE):    0.000ns

    Location             Delay type                Incr(ns)  Path(ns)    Netlist Resource(s)
  -------------------------------------------------------------------    -------------------
                         (clock sys_clk_pin rise edge)
                                                      0.000     0.000 r  
    W5                                                0.000     0.000 r  Clk (IN)
                         net (fo=0)                   0.000     0.000    Clk
    W5                   IBUF (Prop_ibuf_I_O)         1.458     1.458 r  Clk_IBUF_inst/O
                         net (fo=1, routed)           1.967     3.425    Clk_IBUF
    BUFGCTRL_X0Y0        BUFG (Prop_bufg_I_O)         0.096     3.521 r  Clk_IBUF_BUFG_inst/O
                         net (fo=68, routed)          1.621     5.142    Display/Clk_IBUF_BUFG
    SLICE_X62Y22         FDRE                                         r  Display/temp_reg[16]/C
  -------------------------------------------------------------------    -------------------
    SLICE_X62Y22         FDRE (Prop_fdre_C_Q)         0.456     5.598 f  Display/temp_reg[16]/Q
                         net (fo=2, routed)           0.680     6.278    Display/temp[16]
    SLICE_X63Y22         LUT4 (Prop_lut4_I3_O)        0.124     6.402 f  Display/temp[0]_i_9/O
                         net (fo=1, routed)           0.401     6.804    Display/temp[0]_i_9_n_0
    SLICE_X63Y21         LUT5 (Prop_lut5_I4_O)        0.124     6.928 f  Display/temp[0]_i_7/O
                         net (fo=1, routed)           0.401     7.329    Display/temp[0]_i_7_n_0
    SLICE_X63Y20         LUT6 (Prop_lut6_I5_O)        0.124     7.453 f  Display/temp[0]_i_3/O
                         net (fo=1, routed)           0.782     8.235    Display/temp[0]_i_3_n_0
    SLICE_X63Y24         LUT6 (Prop_lut6_I0_O)        0.124     8.359 f  Display/temp[0]_i_2/O
                         net (fo=4, routed)           0.321     8.680    Display/temp[0]_i_2_n_0
    SLICE_X63Y23         LUT2 (Prop_lut2_I0_O)        0.124     8.804 r  Display/temp[31]_i_1/O
                         net (fo=31, routed)          0.923     9.727    Display/temp[31]_i_1_n_0
    SLICE_X62Y26         FDRE                                         r  Display/temp_reg[31]/R
  -------------------------------------------------------------------    -------------------

                         (clock sys_clk_pin rise edge)
                                                     10.000    10.000 r  
    W5                                                0.000    10.000 r  Clk (IN)
                         net (fo=0)                   0.000    10.000    Clk
    W5                   IBUF (Prop_ibuf_I_O)         1.388    11.388 r  Clk_IBUF_inst/O
                         net (fo=1, routed)           1.862    13.250    Clk_IBUF
    BUFGCTRL_X0Y0        BUFG (Prop_bufg_I_O)         0.091    13.341 r  Clk_IBUF_BUFG_inst/O
                         net (fo=68, routed)          1.504    14.845    Display/Clk_IBUF_BUFG
    SLICE_X62Y26         FDRE                                         r  Display/temp_reg[31]/C
                         clock pessimism              0.260    15.105    
                         clock uncertainty           -0.035    15.070    
    SLICE_X62Y26         FDRE (Setup_fdre_C_R)       -0.429    14.641    Display/temp_reg[31]
  -------------------------------------------------------------------
                         required time                         14.641    
                         arrival time                          -9.727    
  -------------------------------------------------------------------
                         slack                                  4.914    

Slack (MET) :             4.986ns  (required time - arrival time)
  Source:                 SlowClock/count_reg[28]/C
                            (rising edge-triggered cell FDRE clocked by sys_clk_pin  {rise@0.000ns fall@5.000ns period=10.000ns})
  Destination:            SlowClock/count_reg[29]/R
                            (rising edge-triggered cell FDRE clocked by sys_clk_pin  {rise@0.000ns fall@5.000ns period=10.000ns})
  Path Group:             sys_clk_pin
  Path Type:              Setup (Max at Slow Process Corner)
  Requirement:            10.000ns  (sys_clk_pin rise@10.000ns - sys_clk_pin rise@0.000ns)
  Data Path Delay:        4.418ns  (logic 0.828ns (18.739%)  route 3.590ns (81.261%))
  Logic Levels:           3  (LUT4=2 LUT5=1)
  Clock Path Skew:        -0.131ns (DCD - SCD + CPR)
    Destination Clock Delay (DCD):    4.777ns = ( 14.777 - 10.000 ) 
    Source Clock Delay      (SCD):    5.087ns
    Clock Pessimism Removal (CPR):    0.180ns
  Clock Uncertainty:      0.035ns  ((TSJ^2 + TIJ^2)^1/2 + DJ) / 2 + PE
    Total System Jitter     (TSJ):    0.071ns
    Total Input Jitter      (TIJ):    0.000ns
    Discrete Jitter          (DJ):    0.000ns
    Phase Error              (PE):    0.000ns

    Location             Delay type                Incr(ns)  Path(ns)    Netlist Resource(s)
  -------------------------------------------------------------------    -------------------
                         (clock sys_clk_pin rise edge)
                                                      0.000     0.000 r  
    W5                                                0.000     0.000 r  Clk (IN)
                         net (fo=0)                   0.000     0.000    Clk
    W5                   IBUF (Prop_ibuf_I_O)         1.458     1.458 r  Clk_IBUF_inst/O
                         net (fo=1, routed)           1.967     3.425    Clk_IBUF
    BUFGCTRL_X0Y0        BUFG (Prop_bufg_I_O)         0.096     3.521 r  Clk_IBUF_BUFG_inst/O
                         net (fo=68, routed)          1.566     5.087    SlowClock/Clk_IBUF_BUFG
    SLICE_X36Y49         FDRE                                         r  SlowClock/count_reg[28]/C
  -------------------------------------------------------------------    -------------------
    SLICE_X36Y49         FDRE (Prop_fdre_C_Q)         0.456     5.543 f  SlowClock/count_reg[28]/Q
                         net (fo=2, routed)           0.887     6.431    SlowClock/count[28]
    SLICE_X37Y50         LUT4 (Prop_lut4_I1_O)        0.124     6.555 f  SlowClock/count[31]_i_8/O
                         net (fo=1, routed)           0.780     7.334    SlowClock/count[31]_i_8_n_0
    SLICE_X37Y49         LUT5 (Prop_lut5_I4_O)        0.124     7.458 f  SlowClock/count[31]_i_4/O
                         net (fo=3, routed)           0.969     8.427    SlowClock/count[31]_i_4_n_0
    SLICE_X37Y46         LUT4 (Prop_lut4_I2_O)        0.124     8.551 r  SlowClock/count[31]_i_1/O
                         net (fo=31, routed)          0.955     9.506    SlowClock/count[31]_i_1_n_0
    SLICE_X36Y50         FDRE                                         r  SlowClock/count_reg[29]/R
  -------------------------------------------------------------------    -------------------

                         (clock sys_clk_pin rise edge)
                                                     10.000    10.000 r  
    W5                                                0.000    10.000 r  Clk (IN)
                         net (fo=0)                   0.000    10.000    Clk
    W5                   IBUF (Prop_ibuf_I_O)         1.388    11.388 r  Clk_IBUF_inst/O
                         net (fo=1, routed)           1.862    13.250    Clk_IBUF
    BUFGCTRL_X0Y0        BUFG (Prop_bufg_I_O)         0.091    13.341 r  Clk_IBUF_BUFG_inst/O
                         net (fo=68, routed)          1.436    14.777    SlowClock/Clk_IBUF_BUFG
    SLICE_X36Y50         FDRE                                         r  SlowClock/count_reg[29]/C
                         clock pessimism              0.180    14.957    
                         clock uncertainty           -0.035    14.921    
    SLICE_X36Y50         FDRE (Setup_fdre_C_R)       -0.429    14.492    SlowClock/count_reg[29]
  -------------------------------------------------------------------
                         required time                         14.492    
                         arrival time                          -9.506    
  -------------------------------------------------------------------
                         slack                                  4.986    

Slack (MET) :             4.986ns  (required time - arrival time)
  Source:                 SlowClock/count_reg[28]/C
                            (rising edge-triggered cell FDRE clocked by sys_clk_pin  {rise@0.000ns fall@5.000ns period=10.000ns})
  Destination:            SlowClock/count_reg[30]/R
                            (rising edge-triggered cell FDRE clocked by sys_clk_pin  {rise@0.000ns fall@5.000ns period=10.000ns})
  Path Group:             sys_clk_pin
  Path Type:              Setup (Max at Slow Process Corner)
  Requirement:            10.000ns  (sys_clk_pin rise@10.000ns - sys_clk_pin rise@0.000ns)
  Data Path Delay:        4.418ns  (logic 0.828ns (18.739%)  route 3.590ns (81.261%))
  Logic Levels:           3  (LUT4=2 LUT5=1)
  Clock Path Skew:        -0.131ns (DCD - SCD + CPR)
    Destination Clock Delay (DCD):    4.777ns = ( 14.777 - 10.000 ) 
    Source Clock Delay      (SCD):    5.087ns
    Clock Pessimism Removal (CPR):    0.180ns
  Clock Uncertainty:      0.035ns  ((TSJ^2 + TIJ^2)^1/2 + DJ) / 2 + PE
    Total System Jitter     (TSJ):    0.071ns
    Total Input Jitter      (TIJ):    0.000ns
    Discrete Jitter          (DJ):    0.000ns
    Phase Error              (PE):    0.000ns

    Location             Delay type                Incr(ns)  Path(ns)    Netlist Resource(s)
  -------------------------------------------------------------------    -------------------
                         (clock sys_clk_pin rise edge)
                                                      0.000     0.000 r  
    W5                                                0.000     0.000 r  Clk (IN)
                         net (fo=0)                   0.000     0.000    Clk
    W5                   IBUF (Prop_ibuf_I_O)         1.458     1.458 r  Clk_IBUF_inst/O
                         net (fo=1, routed)           1.967     3.425    Clk_IBUF
    BUFGCTRL_X0Y0        BUFG (Prop_bufg_I_O)         0.096     3.521 r  Clk_IBUF_BUFG_inst/O
                         net (fo=68, routed)          1.566     5.087    SlowClock/Clk_IBUF_BUFG
    SLICE_X36Y49         FDRE                                         r  SlowClock/count_reg[28]/C
  -------------------------------------------------------------------    -------------------
    SLICE_X36Y49         FDRE (Prop_fdre_C_Q)         0.456     5.543 f  SlowClock/count_reg[28]/Q
                         net (fo=2, routed)           0.887     6.431    SlowClock/count[28]
    SLICE_X37Y50         LUT4 (Prop_lut4_I1_O)        0.124     6.555 f  SlowClock/count[31]_i_8/O
                         net (fo=1, routed)           0.780     7.334    SlowClock/count[31]_i_8_n_0
    SLICE_X37Y49         LUT5 (Prop_lut5_I4_O)        0.124     7.458 f  SlowClock/count[31]_i_4/O
                         net (fo=3, routed)           0.969     8.427    SlowClock/count[31]_i_4_n_0
    SLICE_X37Y46         LUT4 (Prop_lut4_I2_O)        0.124     8.551 r  SlowClock/count[31]_i_1/O
                         net (fo=31, routed)          0.955     9.506    SlowClock/count[31]_i_1_n_0
    SLICE_X36Y50         FDRE                                         r  SlowClock/count_reg[30]/R
  -------------------------------------------------------------------    -------------------

                         (clock sys_clk_pin rise edge)
                                                     10.000    10.000 r  
    W5                                                0.000    10.000 r  Clk (IN)
                         net (fo=0)                   0.000    10.000    Clk
    W5                   IBUF (Prop_ibuf_I_O)         1.388    11.388 r  Clk_IBUF_inst/O
                         net (fo=1, routed)           1.862    13.250    Clk_IBUF
    BUFGCTRL_X0Y0        BUFG (Prop_bufg_I_O)         0.091    13.341 r  Clk_IBUF_BUFG_inst/O
                         net (fo=68, routed)          1.436    14.777    SlowClock/Clk_IBUF_BUFG
    SLICE_X36Y50         FDRE                                         r  SlowClock/count_reg[30]/C
                         clock pessimism              0.180    14.957    
                         clock uncertainty           -0.035    14.921    
    SLICE_X36Y50         FDRE (Setup_fdre_C_R)       -0.429    14.492    SlowClock/count_reg[30]
  -------------------------------------------------------------------
                         required time                         14.492    
                         arrival time                          -9.506    
  -------------------------------------------------------------------
                         slack                                  4.986    

Slack (MET) :             4.986ns  (required time - arrival time)
  Source:                 SlowClock/count_reg[28]/C
                            (rising edge-triggered cell FDRE clocked by sys_clk_pin  {rise@0.000ns fall@5.000ns period=10.000ns})
  Destination:            SlowClock/count_reg[31]/R
                            (rising edge-triggered cell FDRE clocked by sys_clk_pin  {rise@0.000ns fall@5.000ns period=10.000ns})
  Path Group:             sys_clk_pin
  Path Type:              Setup (Max at Slow Process Corner)
  Requirement:            10.000ns  (sys_clk_pin rise@10.000ns - sys_clk_pin rise@0.000ns)
  Data Path Delay:        4.418ns  (logic 0.828ns (18.739%)  route 3.590ns (81.261%))
  Logic Levels:           3  (LUT4=2 LUT5=1)
  Clock Path Skew:        -0.131ns (DCD - SCD + CPR)
    Destination Clock Delay (DCD):    4.777ns = ( 14.777 - 10.000 ) 
    Source Clock Delay      (SCD):    5.087ns
    Clock Pessimism Removal (CPR):    0.180ns
  Clock Uncertainty:      0.035ns  ((TSJ^2 + TIJ^2)^1/2 + DJ) / 2 + PE
    Total System Jitter     (TSJ):    0.071ns
    Total Input Jitter      (TIJ):    0.000ns
    Discrete Jitter          (DJ):    0.000ns
    Phase Error              (PE):    0.000ns

    Location             Delay type                Incr(ns)  Path(ns)    Netlist Resource(s)
  -------------------------------------------------------------------    -------------------
                         (clock sys_clk_pin rise edge)
                                                      0.000     0.000 r  
    W5                                                0.000     0.000 r  Clk (IN)
                         net (fo=0)                   0.000     0.000    Clk
    W5                   IBUF (Prop_ibuf_I_O)         1.458     1.458 r  Clk_IBUF_inst/O
                         net (fo=1, routed)           1.967     3.425    Clk_IBUF
    BUFGCTRL_X0Y0        BUFG (Prop_bufg_I_O)         0.096     3.521 r  Clk_IBUF_BUFG_inst/O
                         net (fo=68, routed)          1.566     5.087    SlowClock/Clk_IBUF_BUFG
    SLICE_X36Y49         FDRE                                         r  SlowClock/count_reg[28]/C
  -------------------------------------------------------------------    -------------------
    SLICE_X36Y49         FDRE (Prop_fdre_C_Q)         0.456     5.543 f  SlowClock/count_reg[28]/Q
                         net (fo=2, routed)           0.887     6.431    SlowClock/count[28]
    SLICE_X37Y50         LUT4 (Prop_lut4_I1_O)        0.124     6.555 f  SlowClock/count[31]_i_8/O
                         net (fo=1, routed)           0.780     7.334    SlowClock/count[31]_i_8_n_0
    SLICE_X37Y49         LUT5 (Prop_lut5_I4_O)        0.124     7.458 f  SlowClock/count[31]_i_4/O
                         net (fo=3, routed)           0.969     8.427    SlowClock/count[31]_i_4_n_0
    SLICE_X37Y46         LUT4 (Prop_lut4_I2_O)        0.124     8.551 r  SlowClock/count[31]_i_1/O
                         net (fo=31, routed)          0.955     9.506    SlowClock/count[31]_i_1_n_0
    SLICE_X36Y50         FDRE                                         r  SlowClock/count_reg[31]/R
  -------------------------------------------------------------------    -------------------

                         (clock sys_clk_pin rise edge)
                                                     10.000    10.000 r  
    W5                                                0.000    10.000 r  Clk (IN)
                         net (fo=0)                   0.000    10.000    Clk
    W5                   IBUF (Prop_ibuf_I_O)         1.388    11.388 r  Clk_IBUF_inst/O
                         net (fo=1, routed)           1.862    13.250    Clk_IBUF
    BUFGCTRL_X0Y0        BUFG (Prop_bufg_I_O)         0.091    13.341 r  Clk_IBUF_BUFG_inst/O
                         net (fo=68, routed)          1.436    14.777    SlowClock/Clk_IBUF_BUFG
    SLICE_X36Y50         FDRE                                         r  SlowClock/count_reg[31]/C
                         clock pessimism              0.180    14.957    
                         clock uncertainty           -0.035    14.921    
    SLICE_X36Y50         FDRE (Setup_fdre_C_R)       -0.429    14.492    SlowClock/count_reg[31]
  -------------------------------------------------------------------
                         required time                         14.492    
                         arrival time                          -9.506    
  -------------------------------------------------------------------
                         slack                                  4.986    

Slack (MET) :             5.036ns  (required time - arrival time)
  Source:                 Display/temp_reg[16]/C
                            (rising edge-triggered cell FDRE clocked by sys_clk_pin  {rise@0.000ns fall@5.000ns period=10.000ns})
  Destination:            Display/temp_reg[1]/R
                            (rising edge-triggered cell FDRE clocked by sys_clk_pin  {rise@0.000ns fall@5.000ns period=10.000ns})
  Path Group:             sys_clk_pin
  Path Type:              Setup (Max at Slow Process Corner)
  Requirement:            10.000ns  (sys_clk_pin rise@10.000ns - sys_clk_pin rise@0.000ns)
  Data Path Delay:        4.480ns  (logic 1.076ns (24.016%)  route 3.404ns (75.984%))
  Logic Levels:           5  (LUT2=1 LUT4=1 LUT5=1 LUT6=2)
  Clock Path Skew:        -0.019ns (DCD - SCD + CPR)
    Destination Clock Delay (DCD):    4.849ns = ( 14.849 - 10.000 ) 
    Source Clock Delay      (SCD):    5.142ns
    Clock Pessimism Removal (CPR):    0.274ns
  Clock Uncertainty:      0.035ns  ((TSJ^2 + TIJ^2)^1/2 + DJ) / 2 + PE
    Total System Jitter     (TSJ):    0.071ns
    Total Input Jitter      (TIJ):    0.000ns
    Discrete Jitter          (DJ):    0.000ns
    Phase Error              (PE):    0.000ns

    Location             Delay type                Incr(ns)  Path(ns)    Netlist Resource(s)
  -------------------------------------------------------------------    -------------------
                         (clock sys_clk_pin rise edge)
                                                      0.000     0.000 r  
    W5                                                0.000     0.000 r  Clk (IN)
                         net (fo=0)                   0.000     0.000    Clk
    W5                   IBUF (Prop_ibuf_I_O)         1.458     1.458 r  Clk_IBUF_inst/O
                         net (fo=1, routed)           1.967     3.425    Clk_IBUF
    BUFGCTRL_X0Y0        BUFG (Prop_bufg_I_O)         0.096     3.521 r  Clk_IBUF_BUFG_inst/O
                         net (fo=68, routed)          1.621     5.142    Display/Clk_IBUF_BUFG
    SLICE_X62Y22         FDRE                                         r  Display/temp_reg[16]/C
  -------------------------------------------------------------------    -------------------
    SLICE_X62Y22         FDRE (Prop_fdre_C_Q)         0.456     5.598 f  Display/temp_reg[16]/Q
                         net (fo=2, routed)           0.680     6.278    Display/temp[16]
    SLICE_X63Y22         LUT4 (Prop_lut4_I3_O)        0.124     6.402 f  Display/temp[0]_i_9/O
                         net (fo=1, routed)           0.401     6.804    Display/temp[0]_i_9_n_0
    SLICE_X63Y21         LUT5 (Prop_lut5_I4_O)        0.124     6.928 f  Display/temp[0]_i_7/O
                         net (fo=1, routed)           0.401     7.329    Display/temp[0]_i_7_n_0
    SLICE_X63Y20         LUT6 (Prop_lut6_I5_O)        0.124     7.453 f  Display/temp[0]_i_3/O
                         net (fo=1, routed)           0.782     8.235    Display/temp[0]_i_3_n_0
    SLICE_X63Y24         LUT6 (Prop_lut6_I0_O)        0.124     8.359 f  Display/temp[0]_i_2/O
                         net (fo=4, routed)           0.321     8.680    Display/temp[0]_i_2_n_0
    SLICE_X63Y23         LUT2 (Prop_lut2_I0_O)        0.124     8.804 r  Display/temp[31]_i_1/O
                         net (fo=31, routed)          0.819     9.623    Display/temp[31]_i_1_n_0
    SLICE_X62Y19         FDRE                                         r  Display/temp_reg[1]/R
  -------------------------------------------------------------------    -------------------

                         (clock sys_clk_pin rise edge)
                                                     10.000    10.000 r  
    W5                                                0.000    10.000 r  Clk (IN)
                         net (fo=0)                   0.000    10.000    Clk
    W5                   IBUF (Prop_ibuf_I_O)         1.388    11.388 r  Clk_IBUF_inst/O
                         net (fo=1, routed)           1.862    13.250    Clk_IBUF
    BUFGCTRL_X0Y0        BUFG (Prop_bufg_I_O)         0.091    13.341 r  Clk_IBUF_BUFG_inst/O
                         net (fo=68, routed)          1.508    14.849    Display/Clk_IBUF_BUFG
    SLICE_X62Y19         FDRE                                         r  Display/temp_reg[1]/C
                         clock pessimism              0.274    15.123    
                         clock uncertainty           -0.035    15.088    
    SLICE_X62Y19         FDRE (Setup_fdre_C_R)       -0.429    14.659    Display/temp_reg[1]
  -------------------------------------------------------------------
                         required time                         14.659    
                         arrival time                          -9.623    
  -------------------------------------------------------------------
                         slack                                  5.036    

Slack (MET) :             5.036ns  (required time - arrival time)
  Source:                 Display/temp_reg[16]/C
                            (rising edge-triggered cell FDRE clocked by sys_clk_pin  {rise@0.000ns fall@5.000ns period=10.000ns})
  Destination:            Display/temp_reg[2]/R
                            (rising edge-triggered cell FDRE clocked by sys_clk_pin  {rise@0.000ns fall@5.000ns period=10.000ns})
  Path Group:             sys_clk_pin
  Path Type:              Setup (Max at Slow Process Corner)
  Requirement:            10.000ns  (sys_clk_pin rise@10.000ns - sys_clk_pin rise@0.000ns)
  Data Path Delay:        4.480ns  (logic 1.076ns (24.016%)  route 3.404ns (75.984%))
  Logic Levels:           5  (LUT2=1 LUT4=1 LUT5=1 LUT6=2)
  Clock Path Skew:        -0.019ns (DCD - SCD + CPR)
    Destination Clock Delay (DCD):    4.849ns = ( 14.849 - 10.000 ) 
    Source Clock Delay      (SCD):    5.142ns
    Clock Pessimism Removal (CPR):    0.274ns
  Clock Uncertainty:      0.035ns  ((TSJ^2 + TIJ^2)^1/2 + DJ) / 2 + PE
    Total System Jitter     (TSJ):    0.071ns
    Total Input Jitter      (TIJ):    0.000ns
    Discrete Jitter          (DJ):    0.000ns
    Phase Error              (PE):    0.000ns

    Location             Delay type                Incr(ns)  Path(ns)    Netlist Resource(s)
  -------------------------------------------------------------------    -------------------
                         (clock sys_clk_pin rise edge)
                                                      0.000     0.000 r  
    W5                                                0.000     0.000 r  Clk (IN)
                         net (fo=0)                   0.000     0.000    Clk
    W5                   IBUF (Prop_ibuf_I_O)         1.458     1.458 r  Clk_IBUF_inst/O
                         net (fo=1, routed)           1.967     3.425    Clk_IBUF
    BUFGCTRL_X0Y0        BUFG (Prop_bufg_I_O)         0.096     3.521 r  Clk_IBUF_BUFG_inst/O
                         net (fo=68, routed)          1.621     5.142    Display/Clk_IBUF_BUFG
    SLICE_X62Y22         FDRE                                         r  Display/temp_reg[16]/C
  -------------------------------------------------------------------    -------------------
    SLICE_X62Y22         FDRE (Prop_fdre_C_Q)         0.456     5.598 f  Display/temp_reg[16]/Q
                         net (fo=2, routed)           0.680     6.278    Display/temp[16]
    SLICE_X63Y22         LUT4 (Prop_lut4_I3_O)        0.124     6.402 f  Display/temp[0]_i_9/O
                         net (fo=1, routed)           0.401     6.804    Display/temp[0]_i_9_n_0
    SLICE_X63Y21         LUT5 (Prop_lut5_I4_O)        0.124     6.928 f  Display/temp[0]_i_7/O
                         net (fo=1, routed)           0.401     7.329    Display/temp[0]_i_7_n_0
    SLICE_X63Y20         LUT6 (Prop_lut6_I5_O)        0.124     7.453 f  Display/temp[0]_i_3/O
                         net (fo=1, routed)           0.782     8.235    Display/temp[0]_i_3_n_0
    SLICE_X63Y24         LUT6 (Prop_lut6_I0_O)        0.124     8.359 f  Display/temp[0]_i_2/O
                         net (fo=4, routed)           0.321     8.680    Display/temp[0]_i_2_n_0
    SLICE_X63Y23         LUT2 (Prop_lut2_I0_O)        0.124     8.804 r  Display/temp[31]_i_1/O
                         net (fo=31, routed)          0.819     9.623    Display/temp[31]_i_1_n_0
    SLICE_X62Y19         FDRE                                         r  Display/temp_reg[2]/R
  -------------------------------------------------------------------    -------------------

                         (clock sys_clk_pin rise edge)
                                                     10.000    10.000 r  
    W5                                                0.000    10.000 r  Clk (IN)
                         net (fo=0)                   0.000    10.000    Clk
    W5                   IBUF (Prop_ibuf_I_O)         1.388    11.388 r  Clk_IBUF_inst/O
                         net (fo=1, routed)           1.862    13.250    Clk_IBUF
    BUFGCTRL_X0Y0        BUFG (Prop_bufg_I_O)         0.091    13.341 r  Clk_IBUF_BUFG_inst/O
                         net (fo=68, routed)          1.508    14.849    Display/Clk_IBUF_BUFG
    SLICE_X62Y19         FDRE                                         r  Display/temp_reg[2]/C
                         clock pessimism              0.274    15.123    
                         clock uncertainty           -0.035    15.088    
    SLICE_X62Y19         FDRE (Setup_fdre_C_R)       -0.429    14.659    Display/temp_reg[2]
  -------------------------------------------------------------------
                         required time                         14.659    
                         arrival time                          -9.623    
  -------------------------------------------------------------------
                         slack                                  5.036    

Slack (MET) :             5.036ns  (required time - arrival time)
  Source:                 Display/temp_reg[16]/C
                            (rising edge-triggered cell FDRE clocked by sys_clk_pin  {rise@0.000ns fall@5.000ns period=10.000ns})
  Destination:            Display/temp_reg[3]/R
                            (rising edge-triggered cell FDRE clocked by sys_clk_pin  {rise@0.000ns fall@5.000ns period=10.000ns})
  Path Group:             sys_clk_pin
  Path Type:              Setup (Max at Slow Process Corner)
  Requirement:            10.000ns  (sys_clk_pin rise@10.000ns - sys_clk_pin rise@0.000ns)
  Data Path Delay:        4.480ns  (logic 1.076ns (24.016%)  route 3.404ns (75.984%))
  Logic Levels:           5  (LUT2=1 LUT4=1 LUT5=1 LUT6=2)
  Clock Path Skew:        -0.019ns (DCD - SCD + CPR)
    Destination Clock Delay (DCD):    4.849ns = ( 14.849 - 10.000 ) 
    Source Clock Delay      (SCD):    5.142ns
    Clock Pessimism Removal (CPR):    0.274ns
  Clock Uncertainty:      0.035ns  ((TSJ^2 + TIJ^2)^1/2 + DJ) / 2 + PE
    Total System Jitter     (TSJ):    0.071ns
    Total Input Jitter      (TIJ):    0.000ns
    Discrete Jitter          (DJ):    0.000ns
    Phase Error              (PE):    0.000ns

    Location             Delay type                Incr(ns)  Path(ns)    Netlist Resource(s)
  -------------------------------------------------------------------    -------------------
                         (clock sys_clk_pin rise edge)
                                                      0.000     0.000 r  
    W5                                                0.000     0.000 r  Clk (IN)
                         net (fo=0)                   0.000     0.000    Clk
    W5                   IBUF (Prop_ibuf_I_O)         1.458     1.458 r  Clk_IBUF_inst/O
                         net (fo=1, routed)           1.967     3.425    Clk_IBUF
    BUFGCTRL_X0Y0        BUFG (Prop_bufg_I_O)         0.096     3.521 r  Clk_IBUF_BUFG_inst/O
                         net (fo=68, routed)          1.621     5.142    Display/Clk_IBUF_BUFG
    SLICE_X62Y22         FDRE                                         r  Display/temp_reg[16]/C
  -------------------------------------------------------------------    -------------------
    SLICE_X62Y22         FDRE (Prop_fdre_C_Q)         0.456     5.598 f  Display/temp_reg[16]/Q
                         net (fo=2, routed)           0.680     6.278    Display/temp[16]
    SLICE_X63Y22         LUT4 (Prop_lut4_I3_O)        0.124     6.402 f  Display/temp[0]_i_9/O
                         net (fo=1, routed)           0.401     6.804    Display/temp[0]_i_9_n_0
    SLICE_X63Y21         LUT5 (Prop_lut5_I4_O)        0.124     6.928 f  Display/temp[0]_i_7/O
                         net (fo=1, routed)           0.401     7.329    Display/temp[0]_i_7_n_0
    SLICE_X63Y20         LUT6 (Prop_lut6_I5_O)        0.124     7.453 f  Display/temp[0]_i_3/O
                         net (fo=1, routed)           0.782     8.235    Display/temp[0]_i_3_n_0
    SLICE_X63Y24         LUT6 (Prop_lut6_I0_O)        0.124     8.359 f  Display/temp[0]_i_2/O
                         net (fo=4, routed)           0.321     8.680    Display/temp[0]_i_2_n_0
    SLICE_X63Y23         LUT2 (Prop_lut2_I0_O)        0.124     8.804 r  Display/temp[31]_i_1/O
                         net (fo=31, routed)          0.819     9.623    Display/temp[31]_i_1_n_0
    SLICE_X62Y19         FDRE                                         r  Display/temp_reg[3]/R
  -------------------------------------------------------------------    -------------------

                         (clock sys_clk_pin rise edge)
                                                     10.000    10.000 r  
    W5                                                0.000    10.000 r  Clk (IN)
                         net (fo=0)                   0.000    10.000    Clk
    W5                   IBUF (Prop_ibuf_I_O)         1.388    11.388 r  Clk_IBUF_inst/O
                         net (fo=1, routed)           1.862    13.250    Clk_IBUF
    BUFGCTRL_X0Y0        BUFG (Prop_bufg_I_O)         0.091    13.341 r  Clk_IBUF_BUFG_inst/O
                         net (fo=68, routed)          1.508    14.849    Display/Clk_IBUF_BUFG
    SLICE_X62Y19         FDRE                                         r  Display/temp_reg[3]/C
                         clock pessimism              0.274    15.123    
                         clock uncertainty           -0.035    15.088    
    SLICE_X62Y19         FDRE (Setup_fdre_C_R)       -0.429    14.659    Display/temp_reg[3]
  -------------------------------------------------------------------
                         required time                         14.659    
                         arrival time                          -9.623    
  -------------------------------------------------------------------
                         slack                                  5.036    

Slack (MET) :             5.036ns  (required time - arrival time)
  Source:                 Display/temp_reg[16]/C
                            (rising edge-triggered cell FDRE clocked by sys_clk_pin  {rise@0.000ns fall@5.000ns period=10.000ns})
  Destination:            Display/temp_reg[4]/R
                            (rising edge-triggered cell FDRE clocked by sys_clk_pin  {rise@0.000ns fall@5.000ns period=10.000ns})
  Path Group:             sys_clk_pin
  Path Type:              Setup (Max at Slow Process Corner)
  Requirement:            10.000ns  (sys_clk_pin rise@10.000ns - sys_clk_pin rise@0.000ns)
  Data Path Delay:        4.480ns  (logic 1.076ns (24.016%)  route 3.404ns (75.984%))
  Logic Levels:           5  (LUT2=1 LUT4=1 LUT5=1 LUT6=2)
  Clock Path Skew:        -0.019ns (DCD - SCD + CPR)
    Destination Clock Delay (DCD):    4.849ns = ( 14.849 - 10.000 ) 
    Source Clock Delay      (SCD):    5.142ns
    Clock Pessimism Removal (CPR):    0.274ns
  Clock Uncertainty:      0.035ns  ((TSJ^2 + TIJ^2)^1/2 + DJ) / 2 + PE
    Total System Jitter     (TSJ):    0.071ns
    Total Input Jitter      (TIJ):    0.000ns
    Discrete Jitter          (DJ):    0.000ns
    Phase Error              (PE):    0.000ns

    Location             Delay type                Incr(ns)  Path(ns)    Netlist Resource(s)
  -------------------------------------------------------------------    -------------------
                         (clock sys_clk_pin rise edge)
                                                      0.000     0.000 r  
    W5                                                0.000     0.000 r  Clk (IN)
                         net (fo=0)                   0.000     0.000    Clk
    W5                   IBUF (Prop_ibuf_I_O)         1.458     1.458 r  Clk_IBUF_inst/O
                         net (fo=1, routed)           1.967     3.425    Clk_IBUF
    BUFGCTRL_X0Y0        BUFG (Prop_bufg_I_O)         0.096     3.521 r  Clk_IBUF_BUFG_inst/O
                         net (fo=68, routed)          1.621     5.142    Display/Clk_IBUF_BUFG
    SLICE_X62Y22         FDRE                                         r  Display/temp_reg[16]/C
  -------------------------------------------------------------------    -------------------
    SLICE_X62Y22         FDRE (Prop_fdre_C_Q)         0.456     5.598 f  Display/temp_reg[16]/Q
                         net (fo=2, routed)           0.680     6.278    Display/temp[16]
    SLICE_X63Y22         LUT4 (Prop_lut4_I3_O)        0.124     6.402 f  Display/temp[0]_i_9/O
                         net (fo=1, routed)           0.401     6.804    Display/temp[0]_i_9_n_0
    SLICE_X63Y21         LUT5 (Prop_lut5_I4_O)        0.124     6.928 f  Display/temp[0]_i_7/O
                         net (fo=1, routed)           0.401     7.329    Display/temp[0]_i_7_n_0
    SLICE_X63Y20         LUT6 (Prop_lut6_I5_O)        0.124     7.453 f  Display/temp[0]_i_3/O
                         net (fo=1, routed)           0.782     8.235    Display/temp[0]_i_3_n_0
    SLICE_X63Y24         LUT6 (Prop_lut6_I0_O)        0.124     8.359 f  Display/temp[0]_i_2/O
                         net (fo=4, routed)           0.321     8.680    Display/temp[0]_i_2_n_0
    SLICE_X63Y23         LUT2 (Prop_lut2_I0_O)        0.124     8.804 r  Display/temp[31]_i_1/O
                         net (fo=31, routed)          0.819     9.623    Display/temp[31]_i_1_n_0
    SLICE_X62Y19         FDRE                                         r  Display/temp_reg[4]/R
  -------------------------------------------------------------------    -------------------

                         (clock sys_clk_pin rise edge)
                                                     10.000    10.000 r  
    W5                                                0.000    10.000 r  Clk (IN)
                         net (fo=0)                   0.000    10.000    Clk
    W5                   IBUF (Prop_ibuf_I_O)         1.388    11.388 r  Clk_IBUF_inst/O
                         net (fo=1, routed)           1.862    13.250    Clk_IBUF
    BUFGCTRL_X0Y0        BUFG (Prop_bufg_I_O)         0.091    13.341 r  Clk_IBUF_BUFG_inst/O
                         net (fo=68, routed)          1.508    14.849    Display/Clk_IBUF_BUFG
    SLICE_X62Y19         FDRE                                         r  Display/temp_reg[4]/C
                         clock pessimism              0.274    15.123    
                         clock uncertainty           -0.035    15.088    
    SLICE_X62Y19         FDRE (Setup_fdre_C_R)       -0.429    14.659    Display/temp_reg[4]
  -------------------------------------------------------------------
                         required time                         14.659    
                         arrival time                          -9.623    
  -------------------------------------------------------------------
                         slack                                  5.036    





Min Delay Paths
--------------------------------------------------------------------------------------
Slack (MET) :             0.215ns  (arrival time - required time)
  Source:                 SlowClock/count_reg[26]/C
                            (rising edge-triggered cell FDRE clocked by sys_clk_pin  {rise@0.000ns fall@5.000ns period=10.000ns})
  Destination:            SlowClock/count_reg[29]/D
                            (rising edge-triggered cell FDRE clocked by sys_clk_pin  {rise@0.000ns fall@5.000ns period=10.000ns})
  Path Group:             sys_clk_pin
  Path Type:              Hold (Min at Fast Process Corner)
  Requirement:            0.000ns  (sys_clk_pin rise@0.000ns - sys_clk_pin rise@0.000ns)
  Data Path Delay:        0.587ns  (logic 0.395ns (67.331%)  route 0.192ns (32.669%))
  Logic Levels:           2  (CARRY4=2)
  Clock Path Skew:        0.267ns (DCD - SCD - CPR)
    Destination Clock Delay (DCD):    1.958ns
    Source Clock Delay      (SCD):    1.447ns
    Clock Pessimism Removal (CPR):    0.244ns

    Location             Delay type                Incr(ns)  Path(ns)    Netlist Resource(s)
  -------------------------------------------------------------------    -------------------
                         (clock sys_clk_pin rise edge)
                                                      0.000     0.000 r  
    W5                                                0.000     0.000 r  Clk (IN)
                         net (fo=0)                   0.000     0.000    Clk
    W5                   IBUF (Prop_ibuf_I_O)         0.226     0.226 r  Clk_IBUF_inst/O
                         net (fo=1, routed)           0.631     0.858    Clk_IBUF
    BUFGCTRL_X0Y0        BUFG (Prop_bufg_I_O)         0.026     0.884 r  Clk_IBUF_BUFG_inst/O
                         net (fo=68, routed)          0.564     1.447    SlowClock/Clk_IBUF_BUFG
    SLICE_X36Y49         FDRE                                         r  SlowClock/count_reg[26]/C
  -------------------------------------------------------------------    -------------------
    SLICE_X36Y49         FDRE (Prop_fdre_C_Q)         0.141     1.588 r  SlowClock/count_reg[26]/Q
                         net (fo=2, routed)           0.191     1.779    SlowClock/count[26]
    SLICE_X36Y49         CARRY4 (Prop_carry4_S[1]_CO[3])
                                                      0.200     1.979 r  SlowClock/count0_carry__5/CO[3]
                         net (fo=1, routed)           0.001     1.980    SlowClock/count0_carry__5_n_0
    SLICE_X36Y50         CARRY4 (Prop_carry4_CI_O[0])
                                                      0.054     2.034 r  SlowClock/count0_carry__6/O[0]
                         net (fo=1, routed)           0.000     2.034    SlowClock/count0_carry__6_n_7
    SLICE_X36Y50         FDRE                                         r  SlowClock/count_reg[29]/D
  -------------------------------------------------------------------    -------------------

                         (clock sys_clk_pin rise edge)
                                                      0.000     0.000 r  
    W5                                                0.000     0.000 r  Clk (IN)
                         net (fo=0)                   0.000     0.000    Clk
    W5                   IBUF (Prop_ibuf_I_O)         0.414     0.414 r  Clk_IBUF_inst/O
                         net (fo=1, routed)           0.685     1.099    Clk_IBUF
    BUFGCTRL_X0Y0        BUFG (Prop_bufg_I_O)         0.029     1.128 r  Clk_IBUF_BUFG_inst/O
                         net (fo=68, routed)          0.830     1.958    SlowClock/Clk_IBUF_BUFG
    SLICE_X36Y50         FDRE                                         r  SlowClock/count_reg[29]/C
                         clock pessimism             -0.244     1.714    
    SLICE_X36Y50         FDRE (Hold_fdre_C_D)         0.105     1.819    SlowClock/count_reg[29]
  -------------------------------------------------------------------
                         required time                         -1.819    
                         arrival time                           2.034    
  -------------------------------------------------------------------
                         slack                                  0.215    

Slack (MET) :             0.226ns  (arrival time - required time)
  Source:                 SlowClock/count_reg[26]/C
                            (rising edge-triggered cell FDRE clocked by sys_clk_pin  {rise@0.000ns fall@5.000ns period=10.000ns})
  Destination:            SlowClock/count_reg[31]/D
                            (rising edge-triggered cell FDRE clocked by sys_clk_pin  {rise@0.000ns fall@5.000ns period=10.000ns})
  Path Group:             sys_clk_pin
  Path Type:              Hold (Min at Fast Process Corner)
  Requirement:            0.000ns  (sys_clk_pin rise@0.000ns - sys_clk_pin rise@0.000ns)
  Data Path Delay:        0.598ns  (logic 0.406ns (67.933%)  route 0.192ns (32.067%))
  Logic Levels:           2  (CARRY4=2)
  Clock Path Skew:        0.267ns (DCD - SCD - CPR)
    Destination Clock Delay (DCD):    1.958ns
    Source Clock Delay      (SCD):    1.447ns
    Clock Pessimism Removal (CPR):    0.244ns

    Location             Delay type                Incr(ns)  Path(ns)    Netlist Resource(s)
  -------------------------------------------------------------------    -------------------
                         (clock sys_clk_pin rise edge)
                                                      0.000     0.000 r  
    W5                                                0.000     0.000 r  Clk (IN)
                         net (fo=0)                   0.000     0.000    Clk
    W5                   IBUF (Prop_ibuf_I_O)         0.226     0.226 r  Clk_IBUF_inst/O
                         net (fo=1, routed)           0.631     0.858    Clk_IBUF
    BUFGCTRL_X0Y0        BUFG (Prop_bufg_I_O)         0.026     0.884 r  Clk_IBUF_BUFG_inst/O
                         net (fo=68, routed)          0.564     1.447    SlowClock/Clk_IBUF_BUFG
    SLICE_X36Y49         FDRE                                         r  SlowClock/count_reg[26]/C
  -------------------------------------------------------------------    -------------------
    SLICE_X36Y49         FDRE (Prop_fdre_C_Q)         0.141     1.588 r  SlowClock/count_reg[26]/Q
                         net (fo=2, routed)           0.191     1.779    SlowClock/count[26]
    SLICE_X36Y49         CARRY4 (Prop_carry4_S[1]_CO[3])
                                                      0.200     1.979 r  SlowClock/count0_carry__5/CO[3]
                         net (fo=1, routed)           0.001     1.980    SlowClock/count0_carry__5_n_0
    SLICE_X36Y50         CARRY4 (Prop_carry4_CI_O[2])
                                                      0.065     2.045 r  SlowClock/count0_carry__6/O[2]
                         net (fo=1, routed)           0.000     2.045    SlowClock/count0_carry__6_n_5
    SLICE_X36Y50         FDRE                                         r  SlowClock/count_reg[31]/D
  -------------------------------------------------------------------    -------------------

                         (clock sys_clk_pin rise edge)
                                                      0.000     0.000 r  
    W5                                                0.000     0.000 r  Clk (IN)
                         net (fo=0)                   0.000     0.000    Clk
    W5                   IBUF (Prop_ibuf_I_O)         0.414     0.414 r  Clk_IBUF_inst/O
                         net (fo=1, routed)           0.685     1.099    Clk_IBUF
    BUFGCTRL_X0Y0        BUFG (Prop_bufg_I_O)         0.029     1.128 r  Clk_IBUF_BUFG_inst/O
                         net (fo=68, routed)          0.830     1.958    SlowClock/Clk_IBUF_BUFG
    SLICE_X36Y50         FDRE                                         r  SlowClock/count_reg[31]/C
                         clock pessimism             -0.244     1.714    
    SLICE_X36Y50         FDRE (Hold_fdre_C_D)         0.105     1.819    SlowClock/count_reg[31]
  -------------------------------------------------------------------
                         required time                         -1.819    
                         arrival time                           2.045    
  -------------------------------------------------------------------
                         slack                                  0.226    

Slack (MET) :             0.234ns  (arrival time - required time)
  Source:                 Display/temp_reg[0]/C
                            (rising edge-triggered cell FDRE clocked by sys_clk_pin  {rise@0.000ns fall@5.000ns period=10.000ns})
  Destination:            Display/count_reg[1]/D
                            (rising edge-triggered cell FDRE clocked by sys_clk_pin  {rise@0.000ns fall@5.000ns period=10.000ns})
  Path Group:             sys_clk_pin
  Path Type:              Hold (Min at Fast Process Corner)
  Requirement:            0.000ns  (sys_clk_pin rise@0.000ns - sys_clk_pin rise@0.000ns)
  Data Path Delay:        0.355ns  (logic 0.189ns (53.203%)  route 0.166ns (46.797%))
  Logic Levels:           1  (LUT4=1)
  Clock Path Skew:        0.014ns (DCD - SCD - CPR)
    Destination Clock Delay (DCD):    1.978ns
    Source Clock Delay      (SCD):    1.465ns
    Clock Pessimism Removal (CPR):    0.499ns

    Location             Delay type                Incr(ns)  Path(ns)    Netlist Resource(s)
  -------------------------------------------------------------------    -------------------
                         (clock sys_clk_pin rise edge)
                                                      0.000     0.000 r  
    W5                                                0.000     0.000 r  Clk (IN)
                         net (fo=0)                   0.000     0.000    Clk
    W5                   IBUF (Prop_ibuf_I_O)         0.226     0.226 r  Clk_IBUF_inst/O
                         net (fo=1, routed)           0.631     0.858    Clk_IBUF
    BUFGCTRL_X0Y0        BUFG (Prop_bufg_I_O)         0.026     0.884 r  Clk_IBUF_BUFG_inst/O
                         net (fo=68, routed)          0.582     1.465    Display/Clk_IBUF_BUFG
    SLICE_X63Y24         FDRE                                         r  Display/temp_reg[0]/C
  -------------------------------------------------------------------    -------------------
    SLICE_X63Y24         FDRE (Prop_fdre_C_Q)         0.141     1.606 r  Display/temp_reg[0]/Q
                         net (fo=5, routed)           0.166     1.772    Display/temp[0]
    SLICE_X63Y23         LUT4 (Prop_lut4_I1_O)        0.048     1.820 r  Display/count[1]_i_1/O
                         net (fo=1, routed)           0.000     1.820    Display/count[1]_i_1_n_0
    SLICE_X63Y23         FDRE                                         r  Display/count_reg[1]/D
  -------------------------------------------------------------------    -------------------

                         (clock sys_clk_pin rise edge)
                                                      0.000     0.000 r  
    W5                                                0.000     0.000 r  Clk (IN)
                         net (fo=0)                   0.000     0.000    Clk
    W5                   IBUF (Prop_ibuf_I_O)         0.414     0.414 r  Clk_IBUF_inst/O
                         net (fo=1, routed)           0.685     1.099    Clk_IBUF
    BUFGCTRL_X0Y0        BUFG (Prop_bufg_I_O)         0.029     1.128 r  Clk_IBUF_BUFG_inst/O
                         net (fo=68, routed)          0.851     1.978    Display/Clk_IBUF_BUFG
    SLICE_X63Y23         FDRE                                         r  Display/count_reg[1]/C
                         clock pessimism             -0.499     1.479    
    SLICE_X63Y23         FDRE (Hold_fdre_C_D)         0.107     1.586    Display/count_reg[1]
  -------------------------------------------------------------------
                         required time                         -1.586    
                         arrival time                           1.820    
  -------------------------------------------------------------------
                         slack                                  0.234    

Slack (MET) :             0.247ns  (arrival time - required time)
  Source:                 Display/temp_reg[0]/C
                            (rising edge-triggered cell FDRE clocked by sys_clk_pin  {rise@0.000ns fall@5.000ns period=10.000ns})
  Destination:            Display/count_reg[0]/D
                            (rising edge-triggered cell FDRE clocked by sys_clk_pin  {rise@0.000ns fall@5.000ns period=10.000ns})
  Path Group:             sys_clk_pin
  Path Type:              Hold (Min at Fast Process Corner)
  Requirement:            0.000ns  (sys_clk_pin rise@0.000ns - sys_clk_pin rise@0.000ns)
  Data Path Delay:        0.352ns  (logic 0.186ns (52.805%)  route 0.166ns (47.195%))
  Logic Levels:           1  (LUT3=1)
  Clock Path Skew:        0.014ns (DCD - SCD - CPR)
    Destination Clock Delay (DCD):    1.978ns
    Source Clock Delay      (SCD):    1.465ns
    Clock Pessimism Removal (CPR):    0.499ns

    Location             Delay type                Incr(ns)  Path(ns)    Netlist Resource(s)
  -------------------------------------------------------------------    -------------------
                         (clock sys_clk_pin rise edge)
                                                      0.000     0.000 r  
    W5                                                0.000     0.000 r  Clk (IN)
                         net (fo=0)                   0.000     0.000    Clk
    W5                   IBUF (Prop_ibuf_I_O)         0.226     0.226 r  Clk_IBUF_inst/O
                         net (fo=1, routed)           0.631     0.858    Clk_IBUF
    BUFGCTRL_X0Y0        BUFG (Prop_bufg_I_O)         0.026     0.884 r  Clk_IBUF_BUFG_inst/O
                         net (fo=68, routed)          0.582     1.465    Display/Clk_IBUF_BUFG
    SLICE_X63Y24         FDRE                                         r  Display/temp_reg[0]/C
  -------------------------------------------------------------------    -------------------
    SLICE_X63Y24         FDRE (Prop_fdre_C_Q)         0.141     1.606 r  Display/temp_reg[0]/Q
                         net (fo=5, routed)           0.166     1.772    Display/temp[0]
    SLICE_X63Y23         LUT3 (Prop_lut3_I1_O)        0.045     1.817 r  Display/count[0]_i_1__0/O
                         net (fo=1, routed)           0.000     1.817    Display/count[0]_i_1__0_n_0
    SLICE_X63Y23         FDRE                                         r  Display/count_reg[0]/D
  -------------------------------------------------------------------    -------------------

                         (clock sys_clk_pin rise edge)
                                                      0.000     0.000 r  
    W5                                                0.000     0.000 r  Clk (IN)
                         net (fo=0)                   0.000     0.000    Clk
    W5                   IBUF (Prop_ibuf_I_O)         0.414     0.414 r  Clk_IBUF_inst/O
                         net (fo=1, routed)           0.685     1.099    Clk_IBUF
    BUFGCTRL_X0Y0        BUFG (Prop_bufg_I_O)         0.029     1.128 r  Clk_IBUF_BUFG_inst/O
                         net (fo=68, routed)          0.851     1.978    Display/Clk_IBUF_BUFG
    SLICE_X63Y23         FDRE                                         r  Display/count_reg[0]/C
                         clock pessimism             -0.499     1.479    
    SLICE_X63Y23         FDRE (Hold_fdre_C_D)         0.091     1.570    Display/count_reg[0]
  -------------------------------------------------------------------
                         required time                         -1.570    
                         arrival time                           1.817    
  -------------------------------------------------------------------
                         slack                                  0.247    

Slack (MET) :             0.251ns  (arrival time - required time)
  Source:                 SlowClock/count_reg[26]/C
                            (rising edge-triggered cell FDRE clocked by sys_clk_pin  {rise@0.000ns fall@5.000ns period=10.000ns})
  Destination:            SlowClock/count_reg[30]/D
                            (rising edge-triggered cell FDRE clocked by sys_clk_pin  {rise@0.000ns fall@5.000ns period=10.000ns})
  Path Group:             sys_clk_pin
  Path Type:              Hold (Min at Fast Process Corner)
  Requirement:            0.000ns  (sys_clk_pin rise@0.000ns - sys_clk_pin rise@0.000ns)
  Data Path Delay:        0.623ns  (logic 0.431ns (69.220%)  route 0.192ns (30.780%))
  Logic Levels:           2  (CARRY4=2)
  Clock Path Skew:        0.267ns (DCD - SCD - CPR)
    Destination Clock Delay (DCD):    1.958ns
    Source Clock Delay      (SCD):    1.447ns
    Clock Pessimism Removal (CPR):    0.244ns

    Location             Delay type                Incr(ns)  Path(ns)    Netlist Resource(s)
  -------------------------------------------------------------------    -------------------
                         (clock sys_clk_pin rise edge)
                                                      0.000     0.000 r  
    W5                                                0.000     0.000 r  Clk (IN)
                         net (fo=0)                   0.000     0.000    Clk
    W5                   IBUF (Prop_ibuf_I_O)         0.226     0.226 r  Clk_IBUF_inst/O
                         net (fo=1, routed)           0.631     0.858    Clk_IBUF
    BUFGCTRL_X0Y0        BUFG (Prop_bufg_I_O)         0.026     0.884 r  Clk_IBUF_BUFG_inst/O
                         net (fo=68, routed)          0.564     1.447    SlowClock/Clk_IBUF_BUFG
    SLICE_X36Y49         FDRE                                         r  SlowClock/count_reg[26]/C
  -------------------------------------------------------------------    -------------------
    SLICE_X36Y49         FDRE (Prop_fdre_C_Q)         0.141     1.588 r  SlowClock/count_reg[26]/Q
                         net (fo=2, routed)           0.191     1.779    SlowClock/count[26]
    SLICE_X36Y49         CARRY4 (Prop_carry4_S[1]_CO[3])
                                                      0.200     1.979 r  SlowClock/count0_carry__5/CO[3]
                         net (fo=1, routed)           0.001     1.980    SlowClock/count0_carry__5_n_0
    SLICE_X36Y50         CARRY4 (Prop_carry4_CI_O[1])
                                                      0.090     2.070 r  SlowClock/count0_carry__6/O[1]
                         net (fo=1, routed)           0.000     2.070    SlowClock/count0_carry__6_n_6
    SLICE_X36Y50         FDRE                                         r  SlowClock/count_reg[30]/D
  -------------------------------------------------------------------    -------------------

                         (clock sys_clk_pin rise edge)
                                                      0.000     0.000 r  
    W5                                                0.000     0.000 r  Clk (IN)
                         net (fo=0)                   0.000     0.000    Clk
    W5                   IBUF (Prop_ibuf_I_O)         0.414     0.414 r  Clk_IBUF_inst/O
                         net (fo=1, routed)           0.685     1.099    Clk_IBUF
    BUFGCTRL_X0Y0        BUFG (Prop_bufg_I_O)         0.029     1.128 r  Clk_IBUF_BUFG_inst/O
                         net (fo=68, routed)          0.830     1.958    SlowClock/Clk_IBUF_BUFG
    SLICE_X36Y50         FDRE                                         r  SlowClock/count_reg[30]/C
                         clock pessimism             -0.244     1.714    
    SLICE_X36Y50         FDRE (Hold_fdre_C_D)         0.105     1.819    SlowClock/count_reg[30]
  -------------------------------------------------------------------
                         required time                         -1.819    
                         arrival time                           2.070    
  -------------------------------------------------------------------
                         slack                                  0.251    

Slack (MET) :             0.263ns  (arrival time - required time)
  Source:                 Display/temp_reg[0]/C
                            (rising edge-triggered cell FDRE clocked by sys_clk_pin  {rise@0.000ns fall@5.000ns period=10.000ns})
  Destination:            Display/temp_reg[0]/D
                            (rising edge-triggered cell FDRE clocked by sys_clk_pin  {rise@0.000ns fall@5.000ns period=10.000ns})
  Path Group:             sys_clk_pin
  Path Type:              Hold (Min at Fast Process Corner)
  Requirement:            0.000ns  (sys_clk_pin rise@0.000ns - sys_clk_pin rise@0.000ns)
  Data Path Delay:        0.354ns  (logic 0.186ns (52.507%)  route 0.168ns (47.493%))
  Logic Levels:           1  (LUT2=1)
  Clock Path Skew:        0.000ns (DCD - SCD - CPR)
    Destination Clock Delay (DCD):    1.977ns
    Source Clock Delay      (SCD):    1.465ns
    Clock Pessimism Removal (CPR):    0.512ns

    Location             Delay type                Incr(ns)  Path(ns)    Netlist Resource(s)
  -------------------------------------------------------------------    -------------------
                         (clock sys_clk_pin rise edge)
                                                      0.000     0.000 r  
    W5                                                0.000     0.000 r  Clk (IN)
                         net (fo=0)                   0.000     0.000    Clk
    W5                   IBUF (Prop_ibuf_I_O)         0.226     0.226 r  Clk_IBUF_inst/O
                         net (fo=1, routed)           0.631     0.858    Clk_IBUF
    BUFGCTRL_X0Y0        BUFG (Prop_bufg_I_O)         0.026     0.884 r  Clk_IBUF_BUFG_inst/O
                         net (fo=68, routed)          0.582     1.465    Display/Clk_IBUF_BUFG
    SLICE_X63Y24         FDRE                                         r  Display/temp_reg[0]/C
  -------------------------------------------------------------------    -------------------
    SLICE_X63Y24         FDRE (Prop_fdre_C_Q)         0.141     1.606 f  Display/temp_reg[0]/Q
                         net (fo=5, routed)           0.168     1.774    Display/temp[0]
    SLICE_X63Y24         LUT2 (Prop_lut2_I1_O)        0.045     1.819 r  Display/temp[0]_i_1/O
                         net (fo=1, routed)           0.000     1.819    Display/temp_0[0]
    SLICE_X63Y24         FDRE                                         r  Display/temp_reg[0]/D
  -------------------------------------------------------------------    -------------------

                         (clock sys_clk_pin rise edge)
                                                      0.000     0.000 r  
    W5                                                0.000     0.000 r  Clk (IN)
                         net (fo=0)                   0.000     0.000    Clk
    W5                   IBUF (Prop_ibuf_I_O)         0.414     0.414 r  Clk_IBUF_inst/O
                         net (fo=1, routed)           0.685     1.099    Clk_IBUF
    BUFGCTRL_X0Y0        BUFG (Prop_bufg_I_O)         0.029     1.128 r  Clk_IBUF_BUFG_inst/O
                         net (fo=68, routed)          0.850     1.977    Display/Clk_IBUF_BUFG
    SLICE_X63Y24         FDRE                                         r  Display/temp_reg[0]/C
                         clock pessimism             -0.512     1.465    
    SLICE_X63Y24         FDRE (Hold_fdre_C_D)         0.091     1.556    Display/temp_reg[0]
  -------------------------------------------------------------------
                         required time                         -1.556    
                         arrival time                           1.819    
  -------------------------------------------------------------------
                         slack                                  0.263    

Slack (MET) :             0.263ns  (arrival time - required time)
  Source:                 SlowClock/Clk_out_reg/C
                            (rising edge-triggered cell FDRE clocked by sys_clk_pin  {rise@0.000ns fall@5.000ns period=10.000ns})
  Destination:            SlowClock/Clk_out_reg/D
                            (rising edge-triggered cell FDRE clocked by sys_clk_pin  {rise@0.000ns fall@5.000ns period=10.000ns})
  Path Group:             sys_clk_pin
  Path Type:              Hold (Min at Fast Process Corner)
  Requirement:            0.000ns  (sys_clk_pin rise@0.000ns - sys_clk_pin rise@0.000ns)
  Data Path Delay:        0.354ns  (logic 0.186ns (52.507%)  route 0.168ns (47.493%))
  Logic Levels:           1  (LUT6=1)
  Clock Path Skew:        0.000ns (DCD - SCD - CPR)
    Destination Clock Delay (DCD):    1.959ns
    Source Clock Delay      (SCD):    1.446ns
    Clock Pessimism Removal (CPR):    0.513ns

    Location             Delay type                Incr(ns)  Path(ns)    Netlist Resource(s)
  -------------------------------------------------------------------    -------------------
                         (clock sys_clk_pin rise edge)
                                                      0.000     0.000 r  
    W5                                                0.000     0.000 r  Clk (IN)
                         net (fo=0)                   0.000     0.000    Clk
    W5                   IBUF (Prop_ibuf_I_O)         0.226     0.226 r  Clk_IBUF_inst/O
                         net (fo=1, routed)           0.631     0.858    Clk_IBUF
    BUFGCTRL_X0Y0        BUFG (Prop_bufg_I_O)         0.026     0.884 r  Clk_IBUF_BUFG_inst/O
                         net (fo=68, routed)          0.563     1.446    SlowClock/Clk_IBUF_BUFG
    SLICE_X37Y46         FDRE                                         r  SlowClock/Clk_out_reg/C
  -------------------------------------------------------------------    -------------------
    SLICE_X37Y46         FDRE (Prop_fdre_C_Q)         0.141     1.587 r  SlowClock/Clk_out_reg/Q
                         net (fo=2, routed)           0.168     1.755    SlowClock/Clk_out_reg_0
    SLICE_X37Y46         LUT6 (Prop_lut6_I5_O)        0.045     1.800 r  SlowClock/Clk_out_i_1/O
                         net (fo=1, routed)           0.000     1.800    SlowClock/Clk_out_i_1_n_0
    SLICE_X37Y46         FDRE                                         r  SlowClock/Clk_out_reg/D
  -------------------------------------------------------------------    -------------------

                         (clock sys_clk_pin rise edge)
                                                      0.000     0.000 r  
    W5                                                0.000     0.000 r  Clk (IN)
                         net (fo=0)                   0.000     0.000    Clk
    W5                   IBUF (Prop_ibuf_I_O)         0.414     0.414 r  Clk_IBUF_inst/O
                         net (fo=1, routed)           0.685     1.099    Clk_IBUF
    BUFGCTRL_X0Y0        BUFG (Prop_bufg_I_O)         0.029     1.128 r  Clk_IBUF_BUFG_inst/O
                         net (fo=68, routed)          0.832     1.959    SlowClock/Clk_IBUF_BUFG
    SLICE_X37Y46         FDRE                                         r  SlowClock/Clk_out_reg/C
                         clock pessimism             -0.513     1.446    
    SLICE_X37Y46         FDRE (Hold_fdre_C_D)         0.091     1.537    SlowClock/Clk_out_reg
  -------------------------------------------------------------------
                         required time                         -1.537    
                         arrival time                           1.800    
  -------------------------------------------------------------------
                         slack                                  0.263    

Slack (MET) :             0.280ns  (arrival time - required time)
  Source:                 Display/temp_reg[11]/C
                            (rising edge-triggered cell FDRE clocked by sys_clk_pin  {rise@0.000ns fall@5.000ns period=10.000ns})
  Destination:            Display/temp_reg[11]/D
                            (rising edge-triggered cell FDRE clocked by sys_clk_pin  {rise@0.000ns fall@5.000ns period=10.000ns})
  Path Group:             sys_clk_pin
  Path Type:              Hold (Min at Fast Process Corner)
  Requirement:            0.000ns  (sys_clk_pin rise@0.000ns - sys_clk_pin rise@0.000ns)
  Data Path Delay:        0.385ns  (logic 0.252ns (65.529%)  route 0.133ns (34.471%))
  Logic Levels:           1  (CARRY4=1)
  Clock Path Skew:        0.000ns (DCD - SCD - CPR)
    Destination Clock Delay (DCD):    1.981ns
    Source Clock Delay      (SCD):    1.468ns
    Clock Pessimism Removal (CPR):    0.513ns

    Location             Delay type                Incr(ns)  Path(ns)    Netlist Resource(s)
  -------------------------------------------------------------------    -------------------
                         (clock sys_clk_pin rise edge)
                                                      0.000     0.000 r  
    W5                                                0.000     0.000 r  Clk (IN)
                         net (fo=0)                   0.000     0.000    Clk
    W5                   IBUF (Prop_ibuf_I_O)         0.226     0.226 r  Clk_IBUF_inst/O
                         net (fo=1, routed)           0.631     0.858    Clk_IBUF
    BUFGCTRL_X0Y0        BUFG (Prop_bufg_I_O)         0.026     0.884 r  Clk_IBUF_BUFG_inst/O
                         net (fo=68, routed)          0.585     1.468    Display/Clk_IBUF_BUFG
    SLICE_X62Y21         FDRE                                         r  Display/temp_reg[11]/C
  -------------------------------------------------------------------    -------------------
    SLICE_X62Y21         FDRE (Prop_fdre_C_Q)         0.141     1.609 r  Display/temp_reg[11]/Q
                         net (fo=2, routed)           0.133     1.742    Display/temp[11]
    SLICE_X62Y21         CARRY4 (Prop_carry4_S[2]_O[2])
                                                      0.111     1.853 r  Display/temp0_carry__1/O[2]
                         net (fo=1, routed)           0.000     1.853    Display/temp0_carry__1_n_5
    SLICE_X62Y21         FDRE                                         r  Display/temp_reg[11]/D
  -------------------------------------------------------------------    -------------------

                         (clock sys_clk_pin rise edge)
                                                      0.000     0.000 r  
    W5                                                0.000     0.000 r  Clk (IN)
                         net (fo=0)                   0.000     0.000    Clk
    W5                   IBUF (Prop_ibuf_I_O)         0.414     0.414 r  Clk_IBUF_inst/O
                         net (fo=1, routed)           0.685     1.099    Clk_IBUF
    BUFGCTRL_X0Y0        BUFG (Prop_bufg_I_O)         0.029     1.128 r  Clk_IBUF_BUFG_inst/O
                         net (fo=68, routed)          0.854     1.981    Display/Clk_IBUF_BUFG
    SLICE_X62Y21         FDRE                                         r  Display/temp_reg[11]/C
                         clock pessimism             -0.513     1.468    
    SLICE_X62Y21         FDRE (Hold_fdre_C_D)         0.105     1.573    Display/temp_reg[11]
  -------------------------------------------------------------------
                         required time                         -1.573    
                         arrival time                           1.853    
  -------------------------------------------------------------------
                         slack                                  0.280    

Slack (MET) :             0.280ns  (arrival time - required time)
  Source:                 Display/temp_reg[15]/C
                            (rising edge-triggered cell FDRE clocked by sys_clk_pin  {rise@0.000ns fall@5.000ns period=10.000ns})
  Destination:            Display/temp_reg[15]/D
                            (rising edge-triggered cell FDRE clocked by sys_clk_pin  {rise@0.000ns fall@5.000ns period=10.000ns})
  Path Group:             sys_clk_pin
  Path Type:              Hold (Min at Fast Process Corner)
  Requirement:            0.000ns  (sys_clk_pin rise@0.000ns - sys_clk_pin rise@0.000ns)
  Data Path Delay:        0.385ns  (logic 0.252ns (65.529%)  route 0.133ns (34.471%))
  Logic Levels:           1  (CARRY4=1)
  Clock Path Skew:        0.000ns (DCD - SCD - CPR)
    Destination Clock Delay (DCD):    1.980ns
    Source Clock Delay      (SCD):    1.468ns
    Clock Pessimism Removal (CPR):    0.512ns

    Location             Delay type                Incr(ns)  Path(ns)    Netlist Resource(s)
  -------------------------------------------------------------------    -------------------
                         (clock sys_clk_pin rise edge)
                                                      0.000     0.000 r  
    W5                                                0.000     0.000 r  Clk (IN)
                         net (fo=0)                   0.000     0.000    Clk
    W5                   IBUF (Prop_ibuf_I_O)         0.226     0.226 r  Clk_IBUF_inst/O
                         net (fo=1, routed)           0.631     0.858    Clk_IBUF
    BUFGCTRL_X0Y0        BUFG (Prop_bufg_I_O)         0.026     0.884 r  Clk_IBUF_BUFG_inst/O
                         net (fo=68, routed)          0.585     1.468    Display/Clk_IBUF_BUFG
    SLICE_X62Y22         FDRE                                         r  Display/temp_reg[15]/C
  -------------------------------------------------------------------    -------------------
    SLICE_X62Y22         FDRE (Prop_fdre_C_Q)         0.141     1.609 r  Display/temp_reg[15]/Q
                         net (fo=2, routed)           0.133     1.742    Display/temp[15]
    SLICE_X62Y22         CARRY4 (Prop_carry4_S[2]_O[2])
                                                      0.111     1.853 r  Display/temp0_carry__2/O[2]
                         net (fo=1, routed)           0.000     1.853    Display/temp0_carry__2_n_5
    SLICE_X62Y22         FDRE                                         r  Display/temp_reg[15]/D
  -------------------------------------------------------------------    -------------------

                         (clock sys_clk_pin rise edge)
                                                      0.000     0.000 r  
    W5                                                0.000     0.000 r  Clk (IN)
                         net (fo=0)                   0.000     0.000    Clk
    W5                   IBUF (Prop_ibuf_I_O)         0.414     0.414 r  Clk_IBUF_inst/O
                         net (fo=1, routed)           0.685     1.099    Clk_IBUF
    BUFGCTRL_X0Y0        BUFG (Prop_bufg_I_O)         0.029     1.128 r  Clk_IBUF_BUFG_inst/O
                         net (fo=68, routed)          0.853     1.980    Display/Clk_IBUF_BUFG
    SLICE_X62Y22         FDRE                                         r  Display/temp_reg[15]/C
                         clock pessimism             -0.512     1.468    
    SLICE_X62Y22         FDRE (Hold_fdre_C_D)         0.105     1.573    Display/temp_reg[15]
  -------------------------------------------------------------------
                         required time                         -1.573    
                         arrival time                           1.853    
  -------------------------------------------------------------------
                         slack                                  0.280    

Slack (MET) :             0.280ns  (arrival time - required time)
  Source:                 Display/temp_reg[27]/C
                            (rising edge-triggered cell FDRE clocked by sys_clk_pin  {rise@0.000ns fall@5.000ns period=10.000ns})
  Destination:            Display/temp_reg[27]/D
                            (rising edge-triggered cell FDRE clocked by sys_clk_pin  {rise@0.000ns fall@5.000ns period=10.000ns})
  Path Group:             sys_clk_pin
  Path Type:              Hold (Min at Fast Process Corner)
  Requirement:            0.000ns  (sys_clk_pin rise@0.000ns - sys_clk_pin rise@0.000ns)
  Data Path Delay:        0.385ns  (logic 0.252ns (65.529%)  route 0.133ns (34.471%))
  Logic Levels:           1  (CARRY4=1)
  Clock Path Skew:        0.000ns (DCD - SCD - CPR)
    Destination Clock Delay (DCD):    1.977ns
    Source Clock Delay      (SCD):    1.465ns
    Clock Pessimism Removal (CPR):    0.512ns

    Location             Delay type                Incr(ns)  Path(ns)    Netlist Resource(s)
  -------------------------------------------------------------------    -------------------
                         (clock sys_clk_pin rise edge)
                                                      0.000     0.000 r  
    W5                                                0.000     0.000 r  Clk (IN)
                         net (fo=0)                   0.000     0.000    Clk
    W5                   IBUF (Prop_ibuf_I_O)         0.226     0.226 r  Clk_IBUF_inst/O
                         net (fo=1, routed)           0.631     0.858    Clk_IBUF
    BUFGCTRL_X0Y0        BUFG (Prop_bufg_I_O)         0.026     0.884 r  Clk_IBUF_BUFG_inst/O
                         net (fo=68, routed)          0.582     1.465    Display/Clk_IBUF_BUFG
    SLICE_X62Y25         FDRE                                         r  Display/temp_reg[27]/C
  -------------------------------------------------------------------    -------------------
    SLICE_X62Y25         FDRE (Prop_fdre_C_Q)         0.141     1.606 r  Display/temp_reg[27]/Q
                         net (fo=2, routed)           0.133     1.739    Display/temp[27]
    SLICE_X62Y25         CARRY4 (Prop_carry4_S[2]_O[2])
                                                      0.111     1.850 r  Display/temp0_carry__5/O[2]
                         net (fo=1, routed)           0.000     1.850    Display/temp0_carry__5_n_5
    SLICE_X62Y25         FDRE                                         r  Display/temp_reg[27]/D
  -------------------------------------------------------------------    -------------------

                         (clock sys_clk_pin rise edge)
                                                      0.000     0.000 r  
    W5                                                0.000     0.000 r  Clk (IN)
                         net (fo=0)                   0.000     0.000    Clk
    W5                   IBUF (Prop_ibuf_I_O)         0.414     0.414 r  Clk_IBUF_inst/O
                         net (fo=1, routed)           0.685     1.099    Clk_IBUF
    BUFGCTRL_X0Y0        BUFG (Prop_bufg_I_O)         0.029     1.128 r  Clk_IBUF_BUFG_inst/O
                         net (fo=68, routed)          0.850     1.977    Display/Clk_IBUF_BUFG
    SLICE_X62Y25         FDRE                                         r  Display/temp_reg[27]/C
                         clock pessimism             -0.512     1.465    
    SLICE_X62Y25         FDRE (Hold_fdre_C_D)         0.105     1.570    Display/temp_reg[27]
  -------------------------------------------------------------------
                         required time                         -1.570    
                         arrival time                           1.850    
  -------------------------------------------------------------------
                         slack                                  0.280    





Pulse Width Checks
--------------------------------------------------------------------------------------
Clock Name:         sys_clk_pin
Waveform(ns):       { 0.000 5.000 }
Period(ns):         10.000
Sources:            { Clk }

Check Type        Corner  Lib Pin  Reference Pin  Required(ns)  Actual(ns)  Slack(ns)  Location       Pin
Min Period        n/a     BUFG/I   n/a            2.155         10.000      7.845      BUFGCTRL_X0Y0  Clk_IBUF_BUFG_inst/I
Min Period        n/a     FDRE/C   n/a            1.000         10.000      9.000      SLICE_X63Y23   Display/count_reg[0]/C
Min Period        n/a     FDRE/C   n/a            1.000         10.000      9.000      SLICE_X63Y23   Display/count_reg[1]/C
Min Period        n/a     FDRE/C   n/a            1.000         10.000      9.000      SLICE_X63Y24   Display/temp_reg[0]/C
Min Period        n/a     FDRE/C   n/a            1.000         10.000      9.000      SLICE_X62Y21   Display/temp_reg[10]/C
Min Period        n/a     FDRE/C   n/a            1.000         10.000      9.000      SLICE_X62Y21   Display/temp_reg[11]/C
Min Period        n/a     FDRE/C   n/a            1.000         10.000      9.000      SLICE_X62Y21   Display/temp_reg[12]/C
Min Period        n/a     FDRE/C   n/a            1.000         10.000      9.000      SLICE_X62Y22   Display/temp_reg[13]/C
Min Period        n/a     FDRE/C   n/a            1.000         10.000      9.000      SLICE_X62Y22   Display/temp_reg[14]/C
Min Period        n/a     FDRE/C   n/a            1.000         10.000      9.000      SLICE_X62Y22   Display/temp_reg[15]/C
Low Pulse Width   Slow    FDRE/C   n/a            0.500         5.000       4.500      SLICE_X37Y46   SlowClock/Clk_out_reg/C
Low Pulse Width   Slow    FDRE/C   n/a            0.500         5.000       4.500      SLICE_X37Y46   SlowClock/clk_status_reg/C
Low Pulse Width   Slow    FDRE/C   n/a            0.500         5.000       4.500      SLICE_X37Y43   SlowClock/count_reg[0]/C
Low Pulse Width   Slow    FDRE/C   n/a            0.500         5.000       4.500      SLICE_X36Y45   SlowClock/count_reg[10]/C
Low Pulse Width   Slow    FDRE/C   n/a            0.500         5.000       4.500      SLICE_X36Y45   SlowClock/count_reg[11]/C
Low Pulse Width   Slow    FDRE/C   n/a            0.500         5.000       4.500      SLICE_X36Y45   SlowClock/count_reg[12]/C
Low Pulse Width   Slow    FDRE/C   n/a            0.500         5.000       4.500      SLICE_X36Y46   SlowClock/count_reg[13]/C
Low Pulse Width   Slow    FDRE/C   n/a            0.500         5.000       4.500      SLICE_X36Y46   SlowClock/count_reg[14]/C
Low Pulse Width   Slow    FDRE/C   n/a            0.500         5.000       4.500      SLICE_X36Y46   SlowClock/count_reg[15]/C
Low Pulse Width   Slow    FDRE/C   n/a            0.500         5.000       4.500      SLICE_X36Y43   SlowClock/count_reg[1]/C
High Pulse Width  Slow    FDRE/C   n/a            0.500         5.000       4.500      SLICE_X63Y23   Display/count_reg[0]/C
High Pulse Width  Slow    FDRE/C   n/a            0.500         5.000       4.500      SLICE_X63Y23   Display/count_reg[1]/C
High Pulse Width  Slow    FDRE/C   n/a            0.500         5.000       4.500      SLICE_X63Y24   Display/temp_reg[0]/C
High Pulse Width  Slow    FDRE/C   n/a            0.500         5.000       4.500      SLICE_X62Y22   Display/temp_reg[13]/C
High Pulse Width  Slow    FDRE/C   n/a            0.500         5.000       4.500      SLICE_X62Y22   Display/temp_reg[14]/C
High Pulse Width  Slow    FDRE/C   n/a            0.500         5.000       4.500      SLICE_X62Y22   Display/temp_reg[15]/C
High Pulse Width  Slow    FDRE/C   n/a            0.500         5.000       4.500      SLICE_X62Y22   Display/temp_reg[16]/C
High Pulse Width  Slow    FDRE/C   n/a            0.500         5.000       4.500      SLICE_X62Y23   Display/temp_reg[17]/C
High Pulse Width  Slow    FDRE/C   n/a            0.500         5.000       4.500      SLICE_X62Y23   Display/temp_reg[18]/C
High Pulse Width  Slow    FDRE/C   n/a            0.500         5.000       4.500      SLICE_X62Y23   Display/temp_reg[19]/C



